[{
  "_id": {
    "$oid": "6568f4eb92dce42889d77a04"
  },
  "Category": "fresh",
  "Name": "Cauliflower",
  "Short_description": "Position military production kind attack.",
  "storeID": {
    "$oid": "6568f4e992dce42889d77a00"
  },
  "Product_dimensions": "1x37x9 cm",
  "Product_weight_or_quantity": "1.53 kg",
  "Expiry_date": "2025-04-26",
  "Country_of_origin": "Yemen",
  "Standard_price_to_customers": 58.85,
  "Cost_of_products": 19.48,
  "Type": "FruitsVegetables",
  "ratings": []
},
{
  "_id": {
    "$oid": "6568f4eb92dce42889d77a05"
  },
  "Category": "fresh",
  "Name": "Bell Pepper",
  "Short_description": "People later pattern treat staff hit.",
  "storeID": {
    "$oid": "6568f4e992dce42889d77a02"
  },
  "Product_dimensions": "25x4x31 cm",
  "Product_weight_or_quantity": "2.89 kg",
  "Expiry_date": "2024-01-31",
  "Country_of_origin": "Holy See (Vatican City State)",
  "Standard_price_to_customers": 94.41,
  "Cost_of_products": 34.7,
  "Type": "FruitsVegetables",
  "ratings": []
},
{
  "_id": {
    "$oid": "6568f4eb92dce42889d77a06"
  },
  "Category": "fresh",
  "Name": "Pineapple",
  "Short_description": "Magazine live authority tree Congress voice maintain.",
  "storeID": {
    "$oid": "6568f4e992dce42889d77a01"
  },
  "Product_dimensions": "26x5x27 cm",
  "Product_weight_or_quantity": "4.82 kg",
  "Expiry_date": "2024-10-24",
  "Country_of_origin": "South Africa",
  "Standard_price_to_customers": 20.51,
  "Cost_of_products": 30.14,
  "Type": "FruitsVegetables",
  "ratings": [
    {
      "_id": {
        "$oid": "6569010d92dce42889d7acd3"
      },
      "customerID": {
        "$oid": "6568f4e792dce42889d779e8"
      },
      "rating": 2,
      "review": "Leave attack technology.",
      "timestamp": {
        "$date": "2023-01-02T13:26:07.000Z"
      }
    },
    {
      "_id": {
        "$oid": "6569010d92dce42889d7acd4"
      },
      "customerID": {
        "$oid": "6568f4e792dce42889d779e9"
      },
      "rating": 4,
      "review": "Record involve join guess hot compare certainly or.",
      "timestamp": {
        "$date": "2022-12-25T05:19:03.000Z"
      }
    },
    {
      "_id": {
        "$oid": "6569010d92dce42889d7acd5"
      },
      "customerID": {
        "$oid": "6568f4e792dce42889d779ee"
      },
      "rating": 2,
      "review": "How tough above.",
      "timestamp": {
        "$date": "2022-12-15T06:45:10.000Z"
      }
    },
    {
      "_id": {
        "$oid": "6569010d92dce42889d7acd6"
      },
      "customerID": {
        "$oid": "6568f4e792dce42889d779ee"
      },
      "rating": 2,
      "review": "Scene time teacher figure common next.",
      "timestamp": {
        "$date": "2023-04-21T07:23:38.000Z"
      }
    },
    {
      "_id": {
        "$oid": "6569010d92dce42889d7acd7"
      },
      "customerID": {
        "$oid": "6568f4e792dce42889d779f6"
      },
      "rating": 4,
      "review": "Letter change remain financial soon hotel.",
      "timestamp": {
        "$date": "2023-06-07T09:04:57.000Z"
      }
    },
    {
      "_id": {
        "$oid": "6569010d92dce42889d7acd8"
      },
      "customerID": {
        "$oid": "6568f4e792dce42889d779cf"
      },
      "rating": 3,
      "review": "Carry pull inside as marriage.",
      "timestamp": {
        "$date": "2023-11-21T09:46:33.000Z"
      }
    },
    {
      "_id": {
        "$oid": "6569010d92dce42889d7acd9"
      },
      "customerID": {
        "$oid": "6568f4e792dce42889d779fb"
      },
      "rating": 3,
      "review": "The general instead western.",
      "timestamp": {
        "$date": "2023-07-21T18:36:38.000Z"
      }
    }
  ]
},
{
  "_id": {
    "$oid": "6568f4eb92dce42889d77a07"
  },
  "Category": "fresh",
  "Name": "Pineapple",
  "Short_description": "Camera support why later.",
  "storeID": {
    "$oid": "6568f4e992dce42889d77a00"
  },
  "Product_dimensions": "9x39x7 cm",
  "Product_weight_or_quantity": "1.21 kg",
  "Expiry_date": "2025-10-07",
  "Country_of_origin": "Brunei Darussalam",
  "Standard_price_to_customers": 26.05,
  "Cost_of_products": 24.27,
  "Type": "FruitsVegetables",
  "ratings": []
},
{
  "_id": {
    "$oid": "6568f4eb92dce42889d77a08"
  },
  "Category": "fresh",
  "Name": "Grape",
  "Short_description": "Them apply own store north her consider.",
  "storeID": {
    "$oid": "6568f4e992dce42889d77a01"
  },
  "Product_dimensions": "17x12x32 cm",
  "Product_weight_or_quantity": "1.60 kg",
  "Expiry_date": "2024-02-24",
  "Country_of_origin": "Palestinian Territory",
  "Standard_price_to_customers": 93.03,
  "Cost_of_products": 18.33,
  "Type": "FruitsVegetables",
  "ratings": []
},
{
  "_id": {
    "$oid": "6568f4eb92dce42889d77a09"
  },
  "Category": "fresh",
  "Name": "Orange",
  "Short_description": "Push college like others business firm.",
  "storeID": {
    "$oid": "6568f4e992dce42889d77a03"
  },
  "Product_dimensions": "7x39x46 cm",
  "Product_weight_or_quantity": "4.81 kg",
  "Expiry_date": "2024-01-01",
  "Country_of_origin": "Libyan Arab Jamahiriya",
  "Standard_price_to_customers": 61.03,
  "Cost_of_products": 41.43,
  "Type": "FruitsVegetables",
  "ratings": []
},
{
  "_id": {
    "$oid": "6568f4eb92dce42889d77a0a"
  },
  "Category": "fresh",
  "Name": "Bell Pepper",
  "Short_description": "Skill help item such.",
  "storeID": {
    "$oid": "6568f4e992dce42889d779ff"
  },
  "Product_dimensions": "28x16x1 cm",
  "Product_weight_or_quantity": "2.37 kg",
  "Expiry_date": "2024-04-13",
  "Country_of_origin": "Armenia",
  "Standard_price_to_customers": 89.73,
  "Cost_of_products": 28.93,
  "Type": "FruitsVegetables",
  "ratings": []
},
{
  "_id": {
    "$oid": "6568f4eb92dce42889d77a0b"
  },
  "Category": "fresh",
  "Name": "Grape",
  "Short_description": "Attack easy kid include process deal.",
  "storeID": {
    "$oid": "6568f4e992dce42889d779ff"
  },
  "Product_dimensions": "18x42x16 cm",
  "Product_weight_or_quantity": "0.90 kg",
  "Expiry_date": "2024-12-05",
  "Country_of_origin": "Pakistan",
  "Standard_price_to_customers": 89.54,
  "Cost_of_products": 33.41,
  "Type": "FruitsVegetables",
  "ratings": []
},
{
  "_id": {
    "$oid": "6568f4eb92dce42889d77a0c"
  },
  "Category": "fresh",
  "Name": "Carrot",
  "Short_description": "Production school recognize friend evening.",
  "storeID": {
    "$oid": "6568f4e992dce42889d77a00"
  },
  "Product_dimensions": "11x31x38 cm",
  "Product_weight_or_quantity": "2.71 kg",
  "Expiry_date": "2024-09-18",
  "Country_of_origin": "Cambodia",
  "Standard_price_to_customers": 33.78,
  "Cost_of_products": 22.49,
  "Type": "FruitsVegetables",
  "ratings": [
    {
      "_id": {
        "$oid": "6569010e92dce42889d7acda"
      },
      "customerID": {
        "$oid": "6568f4e792dce42889d779fd"
      },
      "rating": 4,
      "review": "Sure remember new.",
      "timestamp": {
        "$date": "2023-07-20T00:01:20.000Z"
      }
    },
    {
      "_id": {
        "$oid": "6569010e92dce42889d7acdb"
      },
      "customerID": {
        "$oid": "6568f4e792dce42889d779dd"
      },
      "rating": 4,
      "review": "Take huge word expert.",
      "timestamp": {
        "$date": "2023-01-31T17:17:20.000Z"
      }
    },
    {
      "_id": {
        "$oid": "6569010e92dce42889d7acdc"
      },
      "customerID": {
        "$oid": "6568f4e792dce42889d779dc"
      },
      "rating": 5,
      "review": "Across avoid thus then work to.",
      "timestamp": {
        "$date": "2022-12-16T14:54:01.000Z"
      }
    },
    {
      "_id": {
        "$oid": "6569010e92dce42889d7acdd"
      },
      "customerID": {
        "$oid": "6568f4e792dce42889d779d2"
      },
      "rating": 1,
      "review": "Natural record task knowledge movie break.",
      "timestamp": {
        "$date": "2023-05-22T04:57:55.000Z"
      }
    },
    {
      "_id": {
        "$oid": "6569010e92dce42889d7acde"
      },
      "customerID": {
        "$oid": "6568f4e792dce42889d779f8"
      },
      "rating": 5,
      "review": "Own both save road material.",
      "timestamp": {
        "$date": "2023-06-01T11:10:45.000Z"
      }
    },
    {
      "_id": {
        "$oid": "6569010e92dce42889d7acdf"
      },
      "customerID": {
        "$oid": "6568f4e792dce42889d779f3"
      },
      "rating": 4,
      "review": "Spring western through her.",
      "timestamp": {
        "$date": "2023-06-18T16:53:42.000Z"
      }
    },
    {
      "_id": {
        "$oid": "6569010e92dce42889d7ace0"
      },
      "customerID": {
        "$oid": "6568f4e792dce42889d779dd"
      },
      "rating": 4,
      "review": "Stage task usually above happy politics loss.",
      "timestamp": {
        "$date": "2023-07-04T11:02:27.000Z"
      }
    },
    {
      "_id": {
        "$oid": "6569010e92dce42889d7ace1"
      },
      "customerID": {
        "$oid": "6568f4e792dce42889d779ef"
      },
      "rating": 3,
      "review": "Fund kitchen source ready.",
      "timestamp": {
        "$date": "2023-10-07T09:23:11.000Z"
      }
    }
  ]
},
{
  "_id": {
    "$oid": "6568f4eb92dce42889d77a0d"
  },
  "Category": "fresh",
  "Name": "Potato",
  "Short_description": "Significant success recognize my positive skill.",
  "storeID": {
    "$oid": "6568f4e992dce42889d779ff"
  },
  "Product_dimensions": "48x34x17 cm",
  "Product_weight_or_quantity": "3.84 kg",
  "Expiry_date": "2024-11-02",
  "Country_of_origin": "Kiribati",
  "Standard_price_to_customers": 34.48,
  "Cost_of_products": 7.54,
  "Type": "FruitsVegetables",
  "ratings": []
},
{
  "_id": {
    "$oid": "6568f4eb92dce42889d77a0e"
  },
  "Category": "fresh",
  "Name": "Sourdough",
  "Short_description": "Create address hotel military.",
  "storeID": {
    "$oid": "6568f4e992dce42889d779ff"
  },
  "Product_dimensions": "3x19x17 cm",
  "Product_weight_or_quantity": "3.81 kg",
  "Expiry_date": "2025-06-17",
  "Country_of_origin": "Angola",
  "Standard_price_to_customers": 6.43,
  "Cost_of_products": 17.22,
  "Type": "Bakery",
  "ratings": []
},
{
  "_id": {
    "$oid": "6568f4eb92dce42889d77a0f"
  },
  "Category": "fresh",
  "Name": "Challah",
  "Short_description": "Leg agreement hard man sell price discover.",
  "storeID": {
    "$oid": "6568f4e992dce42889d77a01"
  },
  "Product_dimensions": "39x10x35 cm",
  "Product_weight_or_quantity": "2.26 kg",
  "Expiry_date": "2024-08-06",
  "Country_of_origin": "Syrian Arab Republic",
  "Standard_price_to_customers": 61.19,
  "Cost_of_products": 32.35,
  "Type": "Bakery",
  "ratings": [
    {
      "_id": {
        "$oid": "6569010e92dce42889d7ace2"
      },
      "customerID": {
        "$oid": "6568f4e792dce42889d779fc"
      },
      "rating": 3,
      "review": "Citizen read many.",
      "timestamp": {
        "$date": "2023-02-08T18:03:43.000Z"
      }
    },
    {
      "_id": {
        "$oid": "6569010e92dce42889d7ace3"
      },
      "customerID": {
        "$oid": "6568f4e792dce42889d779d8"
      },
      "rating": 5,
      "review": "Call himself another.",
      "timestamp": {
        "$date": "2023-03-30T21:59:56.000Z"
      }
    },
    {
      "_id": {
        "$oid": "6569010e92dce42889d7ace4"
      },
      "customerID": {
        "$oid": "6568f4e792dce42889d779cd"
      },
      "rating": 4,
      "review": "Behind area behind require left enough.",
      "timestamp": {
        "$date": "2023-02-28T22:53:47.000Z"
      }
    },
    {
      "_id": {
        "$oid": "6569010e92dce42889d7ace5"
      },
      "customerID": {
        "$oid": "6568f4e792dce42889d779de"
      },
      "rating": 3,
      "review": "Thousand collection raise half.",
      "timestamp": {
        "$date": "2023-06-15T22:14:18.000Z"
      }
    },
    {
      "_id": {
        "$oid": "6569010e92dce42889d7ace6"
      },
      "customerID": {
        "$oid": "6568f4e792dce42889d779ce"
      },
      "rating": 2,
      "review": "Choose than position perhaps miss.",
      "timestamp": {
        "$date": "2022-12-10T02:49:48.000Z"
      }
    }
  ]
},
{
  "_id": {
    "$oid": "6568f4eb92dce42889d77a10"
  },
  "Category": "fresh",
  "Name": "Sourdough",
  "Short_description": "Better anything he particularly we.",
  "storeID": {
    "$oid": "6568f4e992dce42889d77a03"
  },
  "Product_dimensions": "27x41x35 cm",
  "Product_weight_or_quantity": "1.33 kg",
  "Expiry_date": "2024-03-02",
  "Country_of_origin": "Libyan Arab Jamahiriya",
  "Standard_price_to_customers": 45.98,
  "Cost_of_products": 16.76,
  "Type": "Bakery",
  "ratings": [
    {
      "_id": {
        "$oid": "6569010e92dce42889d7ace7"
      },
      "customerID": {
        "$oid": "6568f4e792dce42889d779dc"
      },
      "rating": 2,
      "review": "Enter allow your star.",
      "timestamp": {
        "$date": "2023-06-05T13:29:49.000Z"
      }
    },
    {
      "_id": {
        "$oid": "6569010e92dce42889d7ace8"
      },
      "customerID": {
        "$oid": "6568f4e792dce42889d779cf"
      },
      "rating": 2,
      "review": "Future blue option instead.",
      "timestamp": {
        "$date": "2023-01-12T21:34:30.000Z"
      }
    },
    {
      "_id": {
        "$oid": "6569010e92dce42889d7ace9"
      },
      "customerID": {
        "$oid": "6568f4e792dce42889d779df"
      },
      "rating": 3,
      "review": "Tonight view tend production fast.",
      "timestamp": {
        "$date": "2022-12-11T12:57:07.000Z"
      }
    },
    {
      "_id": {
        "$oid": "6569010e92dce42889d7acea"
      },
      "customerID": {
        "$oid": "6568f4e792dce42889d779d1"
      },
      "rating": 3,
      "review": "Own sister democratic husband others.",
      "timestamp": {
        "$date": "2022-12-11T20:46:51.000Z"
      }
    },
    {
      "_id": {
        "$oid": "6569010e92dce42889d7aceb"
      },
      "customerID": {
        "$oid": "6568f4e792dce42889d779e4"
      },
      "rating": 3,
      "review": "My thought city within listen.",
      "timestamp": {
        "$date": "2022-12-07T20:01:06.000Z"
      }
    },
    {
      "_id": {
        "$oid": "6569010e92dce42889d7acec"
      },
      "customerID": {
        "$oid": "6568f4e792dce42889d779f4"
      },
      "rating": 1,
      "review": "Here back unit sense only strategy.",
      "timestamp": {
        "$date": "2023-01-02T20:01:42.000Z"
      }
    },
    {
      "_id": {
        "$oid": "6569010e92dce42889d7aced"
      },
      "customerID": {
        "$oid": "6568f4e792dce42889d779ce"
      },
      "rating": 5,
      "review": "View product single prove.",
      "timestamp": {
        "$date": "2023-07-31T07:33:19.000Z"
      }
    },
    {
      "_id": {
        "$oid": "6569010e92dce42889d7acee"
      },
      "customerID": {
        "$oid": "6568f4e792dce42889d779d3"
      },
      "rating": 2,
      "review": "Project structure speech six.",
      "timestamp": {
        "$date": "2023-01-21T05:10:35.000Z"
      }
    },
    {
      "_id": {
        "$oid": "6569010e92dce42889d7acef"
      },
      "customerID": {
        "$oid": "6568f4e792dce42889d779d3"
      },
      "rating": 2,
      "review": "Wrong between mother approach.",
      "timestamp": {
        "$date": "2023-06-19T05:47:22.000Z"
      }
    },
    {
      "_id": {
        "$oid": "6569010e92dce42889d7acf0"
      },
      "customerID": {
        "$oid": "6568f4e792dce42889d779f2"
      },
      "rating": 5,
      "review": "Together fear key.",
      "timestamp": {
        "$date": "2023-09-20T14:24:38.000Z"
      }
    }
  ]
},
{
  "_id": {
    "$oid": "6568f4eb92dce42889d77a11"
  },
  "Category": "fresh",
  "Name": "Brioche",
  "Short_description": "According sing common kid.",
  "storeID": {
    "$oid": "6568f4e992dce42889d77a03"
  },
  "Product_dimensions": "16x37x4 cm",
  "Product_weight_or_quantity": "0.54 kg",
  "Expiry_date": "2024-10-22",
  "Country_of_origin": "Dominica",
  "Standard_price_to_customers": 54.59,
  "Cost_of_products": 20.61,
  "Type": "Bakery",
  "ratings": []
},
{
  "_id": {
    "$oid": "6568f4eb92dce42889d77a12"
  },
  "Category": "fresh",
  "Name": "Rye",
  "Short_description": "President stop poor choose Mrs word table decide.",
  "storeID": {
    "$oid": "6568f4e992dce42889d779ff"
  },
  "Product_dimensions": "10x26x31 cm",
  "Product_weight_or_quantity": "1.44 kg",
  "Expiry_date": "2025-11-18",
  "Country_of_origin": "Sweden",
  "Standard_price_to_customers": 54.23,
  "Cost_of_products": 5.35,
  "Type": "Bakery",
  "ratings": []
},
{
  "_id": {
    "$oid": "6568f4eb92dce42889d77a13"
  },
  "Category": "fresh",
  "Name": "Ciabatta",
  "Short_description": "Record expert present song nation point beautiful.",
  "storeID": {
    "$oid": "6568f4e992dce42889d77a00"
  },
  "Product_dimensions": "5x1x16 cm",
  "Product_weight_or_quantity": "4.09 kg",
  "Expiry_date": "2024-02-07",
  "Country_of_origin": "Finland",
  "Standard_price_to_customers": 96.2,
  "Cost_of_products": 45.99,
  "Type": "Bakery",
  "ratings": [
    {
      "_id": {
        "$oid": "6569010e92dce42889d7acf1"
      },
      "customerID": {
        "$oid": "6568f4e792dce42889d779de"
      },
      "rating": 1,
      "review": "Significant difference follow.",
      "timestamp": {
        "$date": "2023-05-05T01:07:49.000Z"
      }
    },
    {
      "_id": {
        "$oid": "6569010e92dce42889d7acf2"
      },
      "customerID": {
        "$oid": "6568f4e792dce42889d779d4"
      },
      "rating": 1,
      "review": "Lead article pass local.",
      "timestamp": {
        "$date": "2023-03-31T02:57:53.000Z"
      }
    },
    {
      "_id": {
        "$oid": "6569010e92dce42889d7acf3"
      },
      "customerID": {
        "$oid": "6568f4e792dce42889d779fc"
      },
      "rating": 5,
      "review": "Oil network buy easy.",
      "timestamp": {
        "$date": "2023-07-30T20:13:50.000Z"
      }
    }
  ]
},
{
  "_id": {
    "$oid": "6568f4eb92dce42889d77a14"
  },
  "Category": "fresh",
  "Name": "Sourdough",
  "Short_description": "My big because television organization.",
  "storeID": {
    "$oid": "6568f4e992dce42889d77a02"
  },
  "Product_dimensions": "41x32x39 cm",
  "Product_weight_or_quantity": "1.57 kg",
  "Expiry_date": "2025-04-18",
  "Country_of_origin": "Greece",
  "Standard_price_to_customers": 27.19,
  "Cost_of_products": 8.47,
  "Type": "Bakery",
  "ratings": [
    {
      "_id": {
        "$oid": "6569010e92dce42889d7acf4"
      },
      "customerID": {
        "$oid": "6568f4e792dce42889d779d9"
      },
      "rating": 1,
      "review": "Will another school who off from.",
      "timestamp": {
        "$date": "2023-03-04T19:31:06.000Z"
      }
    },
    {
      "_id": {
        "$oid": "6569010e92dce42889d7acf5"
      },
      "customerID": {
        "$oid": "6568f4e792dce42889d779ef"
      },
      "rating": 4,
      "review": "Film month benefit shake.",
      "timestamp": {
        "$date": "2023-01-16T14:16:58.000Z"
      }
    },
    {
      "_id": {
        "$oid": "6569010e92dce42889d7acf6"
      },
      "customerID": {
        "$oid": "6568f4e792dce42889d779cd"
      },
      "rating": 1,
      "review": "Place record thousand direction spend.",
      "timestamp": {
        "$date": "2023-02-10T04:20:07.000Z"
      }
    },
    {
      "_id": {
        "$oid": "6569010e92dce42889d7acf7"
      },
      "customerID": {
        "$oid": "6568f4e792dce42889d779fc"
      },
      "rating": 3,
      "review": "Serve shoulder decision common degree majority leader.",
      "timestamp": {
        "$date": "2023-05-15T12:32:21.000Z"
      }
    },
    {
      "_id": {
        "$oid": "6569010e92dce42889d7acf8"
      },
      "customerID": {
        "$oid": "6568f4e792dce42889d779d2"
      },
      "rating": 4,
      "review": "Cut only cold eight.",
      "timestamp": {
        "$date": "2023-10-06T11:24:03.000Z"
      }
    },
    {
      "_id": {
        "$oid": "6569010e92dce42889d7acf9"
      },
      "customerID": {
        "$oid": "6568f4e792dce42889d779dc"
      },
      "rating": 4,
      "review": "Compare mouth man value.",
      "timestamp": {
        "$date": "2023-05-27T05:58:57.000Z"
      }
    }
  ]
},
{
  "_id": {
    "$oid": "6568f4eb92dce42889d77a15"
  },
  "Category": "fresh",
  "Name": "Ciabatta",
  "Short_description": "Will bad nature writer safe.",
  "storeID": {
    "$oid": "6568f4e992dce42889d77a03"
  },
  "Product_dimensions": "45x33x22 cm",
  "Product_weight_or_quantity": "4.44 kg",
  "Expiry_date": "2025-03-07",
  "Country_of_origin": "Montenegro",
  "Standard_price_to_customers": 26.85,
  "Cost_of_products": 41.52,
  "Type": "Bakery",
  "ratings": []
},
{
  "_id": {
    "$oid": "6568f4eb92dce42889d77a16"
  },
  "Category": "fresh",
  "Name": "Sourdough",
  "Short_description": "Leave lose through nation offer far.",
  "storeID": {
    "$oid": "6568f4e992dce42889d77a03"
  },
  "Product_dimensions": "24x17x17 cm",
  "Product_weight_or_quantity": "3.74 kg",
  "Expiry_date": "2024-01-28",
  "Country_of_origin": "Vanuatu",
  "Standard_price_to_customers": 76.27,
  "Cost_of_products": 5.85,
  "Type": "Bakery",
  "ratings": []
},
{
  "_id": {
    "$oid": "6568f4eb92dce42889d77a17"
  },
  "Category": "fresh",
  "Name": "Brioche",
  "Short_description": "Computer attention control fall.",
  "storeID": {
    "$oid": "6568f4e992dce42889d77a01"
  },
  "Product_dimensions": "25x36x24 cm",
  "Product_weight_or_quantity": "3.00 kg",
  "Expiry_date": "2025-02-13",
  "Country_of_origin": "Liberia",
  "Standard_price_to_customers": 97.75,
  "Cost_of_products": 15.59,
  "Type": "Bakery",
  "ratings": []
},
{
  "_id": {
    "$oid": "6568f4eb92dce42889d77a18"
  },
  "Category": "fresh",
  "Name": "Swirlsilk",
  "Short_description": "Task wall which most.",
  "storeID": {
    "$oid": "6568f4e992dce42889d77a00"
  },
  "Product_dimensions": "42x40x3 cm",
  "Product_weight_or_quantity": "4 bottles",
  "Expiry_date": "2024-08-14",
  "Country_of_origin": "France",
  "Standard_price_to_customers": 81.36,
  "Cost_of_products": 8.62,
  "Type": "Drinks",
  "ratings": [
    {
      "_id": {
        "$oid": "6569010f92dce42889d7acfa"
      },
      "customerID": {
        "$oid": "6568f4e792dce42889d779e2"
      },
      "rating": 1,
      "review": "Pattern prepare staff represent factor hour perhaps.",
      "timestamp": {
        "$date": "2023-10-18T00:34:07.000Z"
      }
    },
    {
      "_id": {
        "$oid": "6569010f92dce42889d7acfb"
      },
      "customerID": {
        "$oid": "6568f4e792dce42889d779e4"
      },
      "rating": 3,
      "review": "Impact million then.",
      "timestamp": {
        "$date": "2023-10-19T15:46:36.000Z"
      }
    },
    {
      "_id": {
        "$oid": "6569010f92dce42889d7acfc"
      },
      "customerID": {
        "$oid": "6568f4e792dce42889d779f2"
      },
      "rating": 2,
      "review": "Care catch across walk mind serious.",
      "timestamp": {
        "$date": "2023-06-08T04:45:21.000Z"
      }
    },
    {
      "_id": {
        "$oid": "6569010f92dce42889d7acfd"
      },
      "customerID": {
        "$oid": "6568f4e792dce42889d779f5"
      },
      "rating": 3,
      "review": "Positive future cover upon morning.",
      "timestamp": {
        "$date": "2023-03-31T05:19:41.000Z"
      }
    },
    {
      "_id": {
        "$oid": "6569010f92dce42889d7acfe"
      },
      "customerID": {
        "$oid": "6568f4e792dce42889d779e3"
      },
      "rating": 4,
      "review": "Machine stop off thousand performance house.",
      "timestamp": {
        "$date": "2023-09-20T07:52:16.000Z"
      }
    },
    {
      "_id": {
        "$oid": "6569010f92dce42889d7acff"
      },
      "customerID": {
        "$oid": "6568f4e792dce42889d779f9"
      },
      "rating": 2,
      "review": "Increase old worker budget middle that Mrs have.",
      "timestamp": {
        "$date": "2023-11-01T13:58:49.000Z"
      }
    },
    {
      "_id": {
        "$oid": "6569010f92dce42889d7ad00"
      },
      "customerID": {
        "$oid": "6568f4e792dce42889d779da"
      },
      "rating": 1,
      "review": "Reduce lay set area.",
      "timestamp": {
        "$date": "2023-04-24T12:36:49.000Z"
      }
    },
    {
      "_id": {
        "$oid": "6569010f92dce42889d7ad01"
      },
      "customerID": {
        "$oid": "6568f4e792dce42889d779f5"
      },
      "rating": 4,
      "review": "Talk little data business language.",
      "timestamp": {
        "$date": "2023-09-16T11:38:28.000Z"
      }
    }
  ]
},
{
  "_id": {
    "$oid": "6568f4eb92dce42889d77a19"
  },
  "Category": "fresh",
  "Name": "Swirlsilk",
  "Short_description": "Level main our.",
  "storeID": {
    "$oid": "6568f4e992dce42889d779ff"
  },
  "Product_dimensions": "22x1x29 cm",
  "Product_weight_or_quantity": "1 bottles",
  "Expiry_date": "2025-07-06",
  "Country_of_origin": "Papua New Guinea",
  "Standard_price_to_customers": 84.01,
  "Cost_of_products": 30.86,
  "Type": "Drinks",
  "ratings": []
},
{
  "_id": {
    "$oid": "6568f4eb92dce42889d77a1a"
  },
  "Category": "fresh",
  "Name": "Zingroove",
  "Short_description": "Consider they capital difference happy already.",
  "storeID": {
    "$oid": "6568f4e992dce42889d77a01"
  },
  "Product_dimensions": "32x25x49 cm",
  "Product_weight_or_quantity": "2 bottles",
  "Expiry_date": "2024-07-11",
  "Country_of_origin": "Malaysia",
  "Standard_price_to_customers": 51.58,
  "Cost_of_products": 16.58,
  "Type": "Drinks",
  "ratings": []
},
{
  "_id": {
    "$oid": "6568f4eb92dce42889d77a1b"
  },
  "Category": "fresh",
  "Name": "Quencha",
  "Short_description": "Fire clear respond radio society beautiful citizen imagine.",
  "storeID": {
    "$oid": "6568f4e992dce42889d77a00"
  },
  "Product_dimensions": "25x14x10 cm",
  "Product_weight_or_quantity": "1 bottles",
  "Expiry_date": "2024-09-24",
  "Country_of_origin": "Slovakia (Slovak Republic)",
  "Standard_price_to_customers": 50.16,
  "Cost_of_products": 42.29,
  "Type": "Drinks",
  "ratings": []
},
{
  "_id": {
    "$oid": "6568f4eb92dce42889d77a1c"
  },
  "Category": "fresh",
  "Name": "Driftbliss",
  "Short_description": "There drug six break white baby.",
  "storeID": {
    "$oid": "6568f4e992dce42889d77a00"
  },
  "Product_dimensions": "4x50x47 cm",
  "Product_weight_or_quantity": "2 bottles",
  "Expiry_date": "2025-09-12",
  "Country_of_origin": "Trinidad and Tobago",
  "Standard_price_to_customers": 32.58,
  "Cost_of_products": 15.58,
  "Type": "Drinks",
  "ratings": []
},
{
  "_id": {
    "$oid": "6568f4eb92dce42889d77a1d"
  },
  "Category": "fresh",
  "Name": "Quencha",
  "Short_description": "Short whether player personal set between teach story.",
  "storeID": {
    "$oid": "6568f4e992dce42889d77a01"
  },
  "Product_dimensions": "15x33x44 cm",
  "Product_weight_or_quantity": "3 bottles",
  "Expiry_date": "2024-09-10",
  "Country_of_origin": "Barbados",
  "Standard_price_to_customers": 69.16,
  "Cost_of_products": 46.15,
  "Type": "Drinks",
  "ratings": [
    {
      "_id": {
        "$oid": "6569010f92dce42889d7ad02"
      },
      "customerID": {
        "$oid": "6568f4e792dce42889d779f2"
      },
      "rating": 5,
      "review": "Many everyone write between of.",
      "timestamp": {
        "$date": "2023-03-14T11:42:07.000Z"
      }
    },
    {
      "_id": {
        "$oid": "6569010f92dce42889d7ad03"
      },
      "customerID": {
        "$oid": "6568f4e792dce42889d779d0"
      },
      "rating": 5,
      "review": "Catch activity impact land ahead wall.",
      "timestamp": {
        "$date": "2023-04-09T10:54:26.000Z"
      }
    },
    {
      "_id": {
        "$oid": "6569010f92dce42889d7ad04"
      },
      "customerID": {
        "$oid": "6568f4e792dce42889d779d7"
      },
      "rating": 2,
      "review": "That his miss too.",
      "timestamp": {
        "$date": "2023-10-19T22:29:15.000Z"
      }
    },
    {
      "_id": {
        "$oid": "6569010f92dce42889d7ad05"
      },
      "customerID": {
        "$oid": "6568f4e792dce42889d779f8"
      },
      "rating": 1,
      "review": "Cover simply design.",
      "timestamp": {
        "$date": "2023-05-20T22:03:35.000Z"
      }
    },
    {
      "_id": {
        "$oid": "6569010f92dce42889d7ad06"
      },
      "customerID": {
        "$oid": "6568f4e792dce42889d779e6"
      },
      "rating": 1,
      "review": "Natural camera model.",
      "timestamp": {
        "$date": "2023-10-26T11:09:48.000Z"
      }
    }
  ]
},
{
  "_id": {
    "$oid": "6568f4eb92dce42889d77a1e"
  },
  "Category": "fresh",
  "Name": "Sparklush",
  "Short_description": "Movie general society.",
  "storeID": {
    "$oid": "6568f4e992dce42889d77a00"
  },
  "Product_dimensions": "26x50x6 cm",
  "Product_weight_or_quantity": "2 bottles",
  "Expiry_date": "2025-10-10",
  "Country_of_origin": "Cambodia",
  "Standard_price_to_customers": 54.1,
  "Cost_of_products": 10.46,
  "Type": "Drinks",
  "ratings": []
},
{
  "_id": {
    "$oid": "6568f4eb92dce42889d77a1f"
  },
  "Category": "fresh",
  "Name": "Fizzluxe",
  "Short_description": "Just pick dark discussion to see.",
  "storeID": {
    "$oid": "6568f4e992dce42889d77a02"
  },
  "Product_dimensions": "5x1x49 cm",
  "Product_weight_or_quantity": "5 bottles",
  "Expiry_date": "2025-02-18",
  "Country_of_origin": "Brunei Darussalam",
  "Standard_price_to_customers": 26.87,
  "Cost_of_products": 27.15,
  "Type": "Drinks",
  "ratings": []
},
{
  "_id": {
    "$oid": "6568f4eb92dce42889d77a20"
  },
  "Category": "fresh",
  "Name": "Frozzenze",
  "Short_description": "Executive according at or but throughout his.",
  "storeID": {
    "$oid": "6568f4e992dce42889d77a02"
  },
  "Product_dimensions": "30x50x11 cm",
  "Product_weight_or_quantity": "2 bottles",
  "Expiry_date": "2025-11-18",
  "Country_of_origin": "Botswana",
  "Standard_price_to_customers": 11.09,
  "Cost_of_products": 44.06,
  "Type": "Drinks",
  "ratings": []
},
{
  "_id": {
    "$oid": "6568f4eb92dce42889d77a21"
  },
  "Category": "fresh",
  "Name": "Glamtini",
  "Short_description": "Myself its short admit voice mind.",
  "storeID": {
    "$oid": "6568f4e992dce42889d779ff"
  },
  "Product_dimensions": "28x11x49 cm",
  "Product_weight_or_quantity": "1 bottles",
  "Expiry_date": "2024-06-22",
  "Country_of_origin": "Reunion",
  "Standard_price_to_customers": 94.11,
  "Cost_of_products": 19.73,
  "Type": "Drinks",
  "ratings": []
},
{
  "_id": {
    "$oid": "6568f4eb92dce42889d77a22"
  },
  "Name": "Mystic Journeys",
  "Category": "other",
  "Short_description": "Truth respond certainly beautiful effort certain away head.",
  "Product_dimensions": "28x23x62 cm",
  "Shipping_weight": "1.62 kg",
  "Standard_price_to_customers": 985.19,
  "Cost_of_products": 87.08,
  "Product_type": "Book",
  "ratings": [],
  "Author": "Lisa Anderson",
  "Publisher": "Frost, Velez and Prince",
  "Year_of_publication": 2000,
  "ISBN": "978-1-243-15448-4"
},
{
  "_id": {
    "$oid": "6568f4eb92dce42889d77a23"
  },
  "Name": "Silent Promises",
  "Category": "other",
  "Short_description": "Pick accept me hear magazine.",
  "Product_dimensions": "24x53x38 cm",
  "Shipping_weight": "9.54 kg",
  "Standard_price_to_customers": 814.6,
  "Cost_of_products": 305.27,
  "Product_type": "Book",
  "ratings": [
    {
      "_id": {
        "$oid": "6569011092dce42889d7ad07"
      },
      "customerID": {
        "$oid": "6568f4e792dce42889d779e2"
      },
      "rating": 3,
      "review": "Age above four project.",
      "timestamp": {
        "$date": "2023-11-15T16:27:47.000Z"
      }
    },
    {
      "_id": {
        "$oid": "6569011092dce42889d7ad08"
      },
      "customerID": {
        "$oid": "6568f4e792dce42889d779fb"
      },
      "rating": 4,
      "review": "Movement expert now over single public different.",
      "timestamp": {
        "$date": "2023-07-08T18:56:22.000Z"
      }
    },
    {
      "_id": {
        "$oid": "6569011092dce42889d7ad09"
      },
      "customerID": {
        "$oid": "6568f4e792dce42889d779ed"
      },
      "rating": 5,
      "review": "A example fill ago card me.",
      "timestamp": {
        "$date": "2023-03-01T13:22:01.000Z"
      }
    }
  ],
  "Author": "Jessica Watson",
  "Publisher": "Caldwell-Swanson",
  "Year_of_publication": 2006,
  "ISBN": "978-0-03-965749-9"
},
{
  "_id": {
    "$oid": "6568f4eb92dce42889d77a24"
  },
  "Name": "Whispering Shadows",
  "Category": "other",
  "Short_description": "Enter political deep same however but figure.",
  "Product_dimensions": "7x5x92 cm",
  "Shipping_weight": "3.28 kg",
  "Standard_price_to_customers": 750.91,
  "Cost_of_products": 246.26,
  "Product_type": "Book",
  "ratings": [
    {
      "_id": {
        "$oid": "6569011092dce42889d7ad0a"
      },
      "customerID": {
        "$oid": "6568f4e792dce42889d779d5"
      },
      "rating": 2,
      "review": "New team organization everything.",
      "timestamp": {
        "$date": "2022-12-16T17:54:39.000Z"
      }
    },
    {
      "_id": {
        "$oid": "6569011092dce42889d7ad0b"
      },
      "customerID": {
        "$oid": "6568f4e792dce42889d779d4"
      },
      "rating": 3,
      "review": "Develop opportunity floor something.",
      "timestamp": {
        "$date": "2023-05-25T14:52:47.000Z"
      }
    },
    {
      "_id": {
        "$oid": "6569011092dce42889d7ad0c"
      },
      "customerID": {
        "$oid": "6568f4e792dce42889d779dc"
      },
      "rating": 3,
      "review": "Source card own bar sound table maybe.",
      "timestamp": {
        "$date": "2023-09-17T16:02:35.000Z"
      }
    },
    {
      "_id": {
        "$oid": "6569011092dce42889d7ad0d"
      },
      "customerID": {
        "$oid": "6568f4e792dce42889d779df"
      },
      "rating": 2,
      "review": "Town your friend total forward serve.",
      "timestamp": {
        "$date": "2023-06-24T21:52:45.000Z"
      }
    },
    {
      "_id": {
        "$oid": "6569011092dce42889d7ad0e"
      },
      "customerID": {
        "$oid": "6568f4e792dce42889d779ed"
      },
      "rating": 1,
      "review": "Even game wall along.",
      "timestamp": {
        "$date": "2023-10-23T14:20:42.000Z"
      }
    },
    {
      "_id": {
        "$oid": "6569011092dce42889d7ad0f"
      },
      "customerID": {
        "$oid": "6568f4e792dce42889d779f7"
      },
      "rating": 4,
      "review": "With last more.",
      "timestamp": {
        "$date": "2023-04-13T02:20:18.000Z"
      }
    }
  ],
  "Author": "Curtis Bates",
  "Publisher": "Monroe Ltd",
  "Year_of_publication": 2012,
  "ISBN": "978-0-09-452781-2"
},
{
  "_id": {
    "$oid": "6568f4eb92dce42889d77a25"
  },
  "Name": "Echoes of Destiny",
  "Category": "other",
  "Short_description": "Mrs consumer brother go camera.",
  "Product_dimensions": "79x93x28 cm",
  "Shipping_weight": "3.68 kg",
  "Standard_price_to_customers": 902.21,
  "Cost_of_products": 396.99,
  "Product_type": "Book",
  "ratings": [],
  "Author": "Lawrence Pierce",
  "Publisher": "Rose Group",
  "Year_of_publication": 2015,
  "ISBN": "978-1-882685-11-0"
},
{
  "_id": {
    "$oid": "6568f4eb92dce42889d77a26"
  },
  "Name": "Lost Horizons",
  "Category": "other",
  "Short_description": "Customer table evidence among.",
  "Product_dimensions": "100x33x95 cm",
  "Shipping_weight": "9.82 kg",
  "Standard_price_to_customers": 108.16,
  "Cost_of_products": 35.57,
  "Product_type": "Book",
  "ratings": [],
  "Author": "Michael Fleming",
  "Publisher": "Garza, Price and Munoz",
  "Year_of_publication": 2021,
  "ISBN": "978-1-4252-3210-8"
},
{
  "_id": {
    "$oid": "6568f4eb92dce42889d77a27"
  },
  "Name": "Enchanted Realms",
  "Category": "other",
  "Short_description": "Total record citizen store want.",
  "Product_dimensions": "52x4x7 cm",
  "Shipping_weight": "4.69 kg",
  "Standard_price_to_customers": 390.49,
  "Cost_of_products": 38.06,
  "Product_type": "Book",
  "ratings": [],
  "Author": "Courtney Ortiz",
  "Publisher": "Rodriguez-Clark",
  "Year_of_publication": 2018,
  "ISBN": "978-0-8084-0566-5"
},
{
  "_id": {
    "$oid": "6568f4eb92dce42889d77a28"
  },
  "Name": "Eternal Echoes",
  "Category": "other",
  "Short_description": "Myself training social industry.",
  "Product_dimensions": "30x15x71 cm",
  "Shipping_weight": "3.79 kg",
  "Standard_price_to_customers": 622.06,
  "Cost_of_products": 25.91,
  "Product_type": "Book",
  "ratings": [],
  "Author": "Jessica Frederick",
  "Publisher": "Wood, Duran and Macias",
  "Year_of_publication": 2019,
  "ISBN": "978-0-408-10654-2"
},
{
  "_id": {
    "$oid": "6568f4eb92dce42889d77a29"
  },
  "Name": "Eternal Echoes",
  "Category": "other",
  "Short_description": "Surface perhaps total name too.",
  "Product_dimensions": "1x9x53 cm",
  "Shipping_weight": "1.24 kg",
  "Standard_price_to_customers": 929.98,
  "Cost_of_products": 13.94,
  "Product_type": "Book",
  "ratings": [],
  "Author": "Stephen Jackson",
  "Publisher": "Carney and Sons",
  "Year_of_publication": 2022,
  "ISBN": "978-0-13-620241-7"
},
{
  "_id": {
    "$oid": "6568f4eb92dce42889d77a2a"
  },
  "Name": "Eternal Echoes",
  "Category": "other",
  "Short_description": "Price realize personal difficult then oil positive.",
  "Product_dimensions": "55x73x11 cm",
  "Shipping_weight": "6.60 kg",
  "Standard_price_to_customers": 479.98,
  "Cost_of_products": 400.07,
  "Product_type": "Book",
  "ratings": [],
  "Author": "Matthew Davis",
  "Publisher": "Bradley-Bridges",
  "Year_of_publication": 2001,
  "ISBN": "978-1-399-94353-6"
},
{
  "_id": {
    "$oid": "6568f4eb92dce42889d77a2b"
  },
  "Name": "Lost Horizons",
  "Category": "other",
  "Short_description": "Poor person up name world sport reason hot.",
  "Product_dimensions": "22x3x40 cm",
  "Shipping_weight": "7.97 kg",
  "Standard_price_to_customers": 762.29,
  "Cost_of_products": 433.38,
  "Product_type": "Book",
  "ratings": [],
  "Author": "Todd Weaver",
  "Publisher": "Meza-Huang",
  "Year_of_publication": 2017,
  "ISBN": "978-0-7193-4669-9"
},
{
  "_id": {
    "$oid": "6568f4eb92dce42889d77a2c"
  },
  "Name": "Sonic Bliss",
  "Category": "other",
  "Short_description": "Visit fact guess bit.",
  "Product_dimensions": "31x36x1 cm",
  "Shipping_weight": "6.90 kg",
  "Standard_price_to_customers": 645.71,
  "Cost_of_products": 138.9,
  "Product_type": "CD",
  "ratings": [
    {
      "_id": {
        "$oid": "6569011192dce42889d7ad10"
      },
      "customerID": {
        "$oid": "6568f4e792dce42889d779db"
      },
      "rating": 3,
      "review": "Popular fear east model ground.",
      "timestamp": {
        "$date": "2023-07-25T13:28:16.000Z"
      }
    },
    {
      "_id": {
        "$oid": "6569011192dce42889d7ad11"
      },
      "customerID": {
        "$oid": "6568f4e792dce42889d779da"
      },
      "rating": 4,
      "review": "Enough successful election sea else.",
      "timestamp": {
        "$date": "2023-09-18T23:34:52.000Z"
      }
    },
    {
      "_id": {
        "$oid": "6569011192dce42889d7ad12"
      },
      "customerID": {
        "$oid": "6568f4e792dce42889d779de"
      },
      "rating": 4,
      "review": "Treatment traditional sound market machine sense region.",
      "timestamp": {
        "$date": "2023-09-01T13:45:01.000Z"
      }
    },
    {
      "_id": {
        "$oid": "6569011192dce42889d7ad13"
      },
      "customerID": {
        "$oid": "6568f4e792dce42889d779d7"
      },
      "rating": 4,
      "review": "Student response financial price four chair.",
      "timestamp": {
        "$date": "2022-12-18T08:04:07.000Z"
      }
    },
    {
      "_id": {
        "$oid": "6569011192dce42889d7ad14"
      },
      "customerID": {
        "$oid": "6568f4e792dce42889d779d7"
      },
      "rating": 1,
      "review": "Quality answer story out cultural study.",
      "timestamp": {
        "$date": "2023-05-10T19:21:40.000Z"
      }
    },
    {
      "_id": {
        "$oid": "6569011192dce42889d7ad15"
      },
      "customerID": {
        "$oid": "6568f4e792dce42889d779f5"
      },
      "rating": 5,
      "review": "Any culture human explain.",
      "timestamp": {
        "$date": "2023-01-12T02:37:15.000Z"
      }
    },
    {
      "_id": {
        "$oid": "6569011192dce42889d7ad16"
      },
      "customerID": {
        "$oid": "6568f4e792dce42889d779ea"
      },
      "rating": 2,
      "review": "Team commercial why resource.",
      "timestamp": {
        "$date": "2023-04-11T19:34:49.000Z"
      }
    },
    {
      "_id": {
        "$oid": "6569011192dce42889d7ad17"
      },
      "customerID": {
        "$oid": "6568f4e792dce42889d779ec"
      },
      "rating": 5,
      "review": "Approach generation relationship free agency.",
      "timestamp": {
        "$date": "2023-10-09T04:29:50.000Z"
      }
    },
    {
      "_id": {
        "$oid": "6569011192dce42889d7ad18"
      },
      "customerID": {
        "$oid": "6568f4e792dce42889d779e1"
      },
      "rating": 4,
      "review": "There minute whether serious player together voice center.",
      "timestamp": {
        "$date": "2023-09-18T15:38:47.000Z"
      }
    },
    {
      "_id": {
        "$oid": "6569011192dce42889d7ad19"
      },
      "customerID": {
        "$oid": "6568f4e792dce42889d779fb"
      },
      "rating": 5,
      "review": "Win use early offer report.",
      "timestamp": {
        "$date": "2023-07-25T14:44:42.000Z"
      }
    }
  ],
  "Artist": "Melody Anderson",
  "Number_of_tracks": 13,
  "Total_playing_time": "60 mins",
  "Publisher": "Becker PLC"
},
{
  "_id": {
    "$oid": "6568f4eb92dce42889d77a2d"
  },
  "Name": "Harmonious Journey",
  "Category": "other",
  "Short_description": "Similar space possible present drop.",
  "Product_dimensions": "82x92x58 cm",
  "Shipping_weight": "1.50 kg",
  "Standard_price_to_customers": 202.35,
  "Cost_of_products": 127.42,
  "Product_type": "CD",
  "ratings": [],
  "Artist": "Lynn Murray",
  "Number_of_tracks": 4,
  "Total_playing_time": "150 mins",
  "Publisher": "Parsons, Reed and Hood"
},
{
  "_id": {
    "$oid": "6568f4eb92dce42889d77a2e"
  },
  "Name": "Musical Odyssey",
  "Category": "other",
  "Short_description": "Tax night too again put hope picture suffer.",
  "Product_dimensions": "22x30x27 cm",
  "Shipping_weight": "1.05 kg",
  "Standard_price_to_customers": 840.78,
  "Cost_of_products": 282.85,
  "Product_type": "CD",
  "ratings": [],
  "Artist": "Curtis Parker",
  "Number_of_tracks": 7,
  "Total_playing_time": "93 mins",
  "Publisher": "Nelson Group"
},
{
  "_id": {
    "$oid": "6568f4eb92dce42889d77a2f"
  },
  "Name": "Melodic Dream",
  "Category": "other",
  "Short_description": "Growth seek community best.",
  "Product_dimensions": "13x23x32 cm",
  "Shipping_weight": "1.25 kg",
  "Standard_price_to_customers": 979.79,
  "Cost_of_products": 142.1,
  "Product_type": "CD",
  "ratings": [],
  "Artist": "Angela Rogers",
  "Number_of_tracks": 16,
  "Total_playing_time": "76 mins",
  "Publisher": "Smith and Sons"
},
{
  "_id": {
    "$oid": "6568f4eb92dce42889d77a30"
  },
  "Name": "Musical Odyssey",
  "Category": "other",
  "Short_description": "Sell wear future sometimes.",
  "Product_dimensions": "78x99x78 cm",
  "Shipping_weight": "7.15 kg",
  "Standard_price_to_customers": 931.27,
  "Cost_of_products": 338.92,
  "Product_type": "CD",
  "ratings": [],
  "Artist": "Brent Smith",
  "Number_of_tracks": 10,
  "Total_playing_time": "116 mins",
  "Publisher": "Dudley, Abbott and Hobbs"
},
{
  "_id": {
    "$oid": "6568f4eb92dce42889d77a31"
  },
  "Name": "Sonic Bliss",
  "Category": "other",
  "Short_description": "Should religious discuss final reflect remain brother husband.",
  "Product_dimensions": "18x40x70 cm",
  "Shipping_weight": "7.48 kg",
  "Standard_price_to_customers": 542.31,
  "Cost_of_products": 306.02,
  "Product_type": "CD",
  "ratings": [],
  "Artist": "Christopher Dixon",
  "Number_of_tracks": 9,
  "Total_playing_time": "63 mins",
  "Publisher": "Crawford-Murray"
},
{
  "_id": {
    "$oid": "6568f4eb92dce42889d77a32"
  },
  "Name": "Whispering Notes",
  "Category": "other",
  "Short_description": "All traditional smile whose any project go program.",
  "Product_dimensions": "40x50x99 cm",
  "Shipping_weight": "9.73 kg",
  "Standard_price_to_customers": 581.09,
  "Cost_of_products": 436.35,
  "Product_type": "CD",
  "ratings": [],
  "Artist": "Jonathon Garcia",
  "Number_of_tracks": 15,
  "Total_playing_time": "159 mins",
  "Publisher": "Brown PLC"
},
{
  "_id": {
    "$oid": "6568f4eb92dce42889d77a33"
  },
  "Name": "Musical Odyssey",
  "Category": "other",
  "Short_description": "Media reach phone movie.",
  "Product_dimensions": "84x42x21 cm",
  "Shipping_weight": "5.10 kg",
  "Standard_price_to_customers": 189.48,
  "Cost_of_products": 432.56,
  "Product_type": "CD",
  "ratings": [],
  "Artist": "Mr. William Lawrence DVM",
  "Number_of_tracks": 7,
  "Total_playing_time": "111 mins",
  "Publisher": "Colon, Logan and Garrett"
},
{
  "_id": {
    "$oid": "6568f4eb92dce42889d77a34"
  },
  "Name": "Soulful Harmony",
  "Category": "other",
  "Short_description": "Medical and prepare letter tough human nice.",
  "Product_dimensions": "98x13x38 cm",
  "Shipping_weight": "8.90 kg",
  "Standard_price_to_customers": 363.59,
  "Cost_of_products": 58.82,
  "Product_type": "CD",
  "ratings": [],
  "Artist": "Mark Powell",
  "Number_of_tracks": 14,
  "Total_playing_time": "51 mins",
  "Publisher": "Bradford, Singleton and Braun"
},
{
  "_id": {
    "$oid": "6568f4eb92dce42889d77a35"
  },
  "Name": "Crescendo of Emotion",
  "Category": "other",
  "Short_description": "Conference dark stuff identify it.",
  "Product_dimensions": "27x10x51 cm",
  "Shipping_weight": "2.40 kg",
  "Standard_price_to_customers": 445.43,
  "Cost_of_products": 325.21,
  "Product_type": "CD",
  "ratings": [],
  "Artist": "Dr. Phyllis Cox MD",
  "Number_of_tracks": 5,
  "Total_playing_time": "74 mins",
  "Publisher": "Doyle-Torres"
},
{
  "_id": {
    "$oid": "6568f4eb92dce42889d77a36"
  },
  "Name": "TechMaster X1",
  "Category": "other",
  "Short_description": "Government record buy live itself.",
  "Product_dimensions": "10x98x83 cm",
  "Shipping_weight": "4.66 kg",
  "Standard_price_to_customers": 780.61,
  "Cost_of_products": 148.1,
  "Product_type": "MobilePhone",
  "ratings": [],
  "Brand": "Hansen Group",
  "Model": "operation",
  "Colour": "LightCoral",
  "Features": [
    "buy",
    "western",
    "television",
    "democratic"
  ]
},
{
  "_id": {
    "$oid": "6568f4eb92dce42889d77a37"
  },
  "Name": "Galaxy Edge S9",
  "Category": "other",
  "Short_description": "One different happy.",
  "Product_dimensions": "34x19x20 cm",
  "Shipping_weight": "2.62 kg",
  "Standard_price_to_customers": 27.36,
  "Cost_of_products": 71.54,
  "Product_type": "MobilePhone",
  "ratings": [],
  "Brand": "Brown, Williams and King",
  "Model": "billion",
  "Colour": "Chocolate",
  "Features": [
    "glass",
    "edge",
    "image",
    "camera",
    "should"
  ]
},
{
  "_id": {
    "$oid": "6568f4eb92dce42889d77a38"
  },
  "Name": "OnePlus Ultra 9T",
  "Category": "other",
  "Short_description": "Camera business think money sing ever notice this.",
  "Product_dimensions": "51x69x50 cm",
  "Shipping_weight": "5.26 kg",
  "Standard_price_to_customers": 939.3,
  "Cost_of_products": 18.19,
  "Product_type": "MobilePhone",
  "ratings": [
    {
      "_id": {
        "$oid": "6569011292dce42889d7ad1a"
      },
      "customerID": {
        "$oid": "6568f4e792dce42889d779dd"
      },
      "rating": 3,
      "review": "Boy value prevent color worker.",
      "timestamp": {
        "$date": "2023-04-03T03:44:32.000Z"
      }
    },
    {
      "_id": {
        "$oid": "6569011292dce42889d7ad1b"
      },
      "customerID": {
        "$oid": "6568f4e792dce42889d779ce"
      },
      "rating": 4,
      "review": "Expect condition though art.",
      "timestamp": {
        "$date": "2023-02-04T07:53:06.000Z"
      }
    },
    {
      "_id": {
        "$oid": "6569011292dce42889d7ad1c"
      },
      "customerID": {
        "$oid": "6568f4e792dce42889d779f7"
      },
      "rating": 1,
      "review": "Air both road part course happy weight.",
      "timestamp": {
        "$date": "2023-04-25T09:49:25.000Z"
      }
    },
    {
      "_id": {
        "$oid": "6569011292dce42889d7ad1d"
      },
      "customerID": {
        "$oid": "6568f4e792dce42889d779e2"
      },
      "rating": 5,
      "review": "Series growth page cell national in seem benefit.",
      "timestamp": {
        "$date": "2023-01-30T22:13:40.000Z"
      }
    },
    {
      "_id": {
        "$oid": "6569011292dce42889d7ad1e"
      },
      "customerID": {
        "$oid": "6568f4e792dce42889d779f1"
      },
      "rating": 1,
      "review": "Think actually film society.",
      "timestamp": {
        "$date": "2023-08-28T23:15:08.000Z"
      }
    }
  ],
  "Brand": "Brown LLC",
  "Model": "board",
  "Colour": "Brown",
  "Features": [
    "identify",
    "candidate",
    "none"
  ]
},
{
  "_id": {
    "$oid": "6568f4eb92dce42889d77a39"
  },
  "Name": "Nova Xplorer Z2",
  "Category": "other",
  "Short_description": "Fast plant how.",
  "Product_dimensions": "88x56x26 cm",
  "Shipping_weight": "2.19 kg",
  "Standard_price_to_customers": 623.53,
  "Cost_of_products": 117.27,
  "Product_type": "MobilePhone",
  "ratings": [],
  "Brand": "Silva-Woods",
  "Model": "cover",
  "Colour": "DarkGray",
  "Features": [
    "day"
  ]
},
{
  "_id": {
    "$oid": "6568f4eb92dce42889d77a3a"
  },
  "Name": "Zenfone Lite M3",
  "Category": "other",
  "Short_description": "Away main fund two top report.",
  "Product_dimensions": "4x55x98 cm",
  "Shipping_weight": "3.12 kg",
  "Standard_price_to_customers": 651.65,
  "Cost_of_products": 368.17,
  "Product_type": "MobilePhone",
  "ratings": [],
  "Brand": "Nunez-Garrett",
  "Model": "arm",
  "Colour": "LightGoldenRodYellow",
  "Features": [
    "pretty",
    "respond",
    "security",
    "marriage",
    "modern"
  ]
},
{
  "_id": {
    "$oid": "6568f4eb92dce42889d77a3b"
  },
  "Name": "Galaxy Edge S9",
  "Category": "other",
  "Short_description": "Really daughter agent address human report standard.",
  "Product_dimensions": "24x61x81 cm",
  "Shipping_weight": "3.66 kg",
  "Standard_price_to_customers": 289.8,
  "Cost_of_products": 233.69,
  "Product_type": "MobilePhone",
  "ratings": [],
  "Brand": "Steele and Sons",
  "Model": "sign",
  "Colour": "DarkSalmon",
  "Features": [
    "simply",
    "place",
    "let",
    "just"
  ]
},
{
  "_id": {
    "$oid": "6568f4eb92dce42889d77a3c"
  },
  "Name": "Nova Xplorer Z2",
  "Category": "other",
  "Short_description": "Parent natural Congress could idea.",
  "Product_dimensions": "25x42x80 cm",
  "Shipping_weight": "4.49 kg",
  "Standard_price_to_customers": 822.61,
  "Cost_of_products": 184.51,
  "Product_type": "MobilePhone",
  "ratings": [
    {
      "_id": {
        "$oid": "6569011292dce42889d7ad1f"
      },
      "customerID": {
        "$oid": "6568f4e792dce42889d779da"
      },
      "rating": 4,
      "review": "Ground focus interview question.",
      "timestamp": {
        "$date": "2023-10-13T01:34:15.000Z"
      }
    },
    {
      "_id": {
        "$oid": "6569011292dce42889d7ad20"
      },
      "customerID": {
        "$oid": "6568f4e792dce42889d779e6"
      },
      "rating": 3,
      "review": "Central mean fast perhaps age eight.",
      "timestamp": {
        "$date": "2023-02-17T22:04:02.000Z"
      }
    },
    {
      "_id": {
        "$oid": "6569011292dce42889d7ad21"
      },
      "customerID": {
        "$oid": "6568f4e792dce42889d779d7"
      },
      "rating": 5,
      "review": "Mouth door our employee onto.",
      "timestamp": {
        "$date": "2023-04-11T05:15:47.000Z"
      }
    },
    {
      "_id": {
        "$oid": "6569011292dce42889d7ad22"
      },
      "customerID": {
        "$oid": "6568f4e792dce42889d779ee"
      },
      "rating": 1,
      "review": "Believe couple might because letter election.",
      "timestamp": {
        "$date": "2023-05-22T04:51:07.000Z"
      }
    },
    {
      "_id": {
        "$oid": "6569011292dce42889d7ad23"
      },
      "customerID": {
        "$oid": "6568f4e792dce42889d779d1"
      },
      "rating": 3,
      "review": "Husband yard foot must weight.",
      "timestamp": {
        "$date": "2023-09-03T19:21:21.000Z"
      }
    },
    {
      "_id": {
        "$oid": "6569011292dce42889d7ad24"
      },
      "customerID": {
        "$oid": "6568f4e792dce42889d779f7"
      },
      "rating": 1,
      "review": "Different rise budget success.",
      "timestamp": {
        "$date": "2023-04-12T21:20:05.000Z"
      }
    },
    {
      "_id": {
        "$oid": "6569011292dce42889d7ad25"
      },
      "customerID": {
        "$oid": "6568f4e792dce42889d779f6"
      },
      "rating": 5,
      "review": "Leg medical live certain drop pretty.",
      "timestamp": {
        "$date": "2023-07-30T07:00:55.000Z"
      }
    },
    {
      "_id": {
        "$oid": "6569011292dce42889d7ad26"
      },
      "customerID": {
        "$oid": "6568f4e792dce42889d779f1"
      },
      "rating": 3,
      "review": "Coach manager everything action experience.",
      "timestamp": {
        "$date": "2023-09-25T02:28:14.000Z"
      }
    },
    {
      "_id": {
        "$oid": "6569011292dce42889d7ad27"
      },
      "customerID": {
        "$oid": "6568f4e792dce42889d779ea"
      },
      "rating": 1,
      "review": "Expert per president environmental single.",
      "timestamp": {
        "$date": "2023-06-13T21:06:38.000Z"
      }
    }
  ],
  "Brand": "Richards and Sons",
  "Model": "land",
  "Colour": "Navy",
  "Features": [
    "wear",
    "least",
    "ever",
    "bed",
    "both"
  ]
},
{
  "_id": {
    "$oid": "6568f4eb92dce42889d77a3d"
  },
  "Name": "Lumina Plus X",
  "Category": "other",
  "Short_description": "Actually answer site sound on director rate.",
  "Product_dimensions": "46x6x79 cm",
  "Shipping_weight": "6.22 kg",
  "Standard_price_to_customers": 198.6,
  "Cost_of_products": 207.02,
  "Product_type": "MobilePhone",
  "ratings": [],
  "Brand": "Wall, Hill and Griffith",
  "Model": "vote",
  "Colour": "CadetBlue",
  "Features": [
    "company"
  ]
},
{
  "_id": {
    "$oid": "6568f4eb92dce42889d77a3e"
  },
  "Name": "iMobile Pro Max",
  "Category": "other",
  "Short_description": "Tend although process majority listen but.",
  "Product_dimensions": "1x85x73 cm",
  "Shipping_weight": "2.79 kg",
  "Standard_price_to_customers": 428.17,
  "Cost_of_products": 285.05,
  "Product_type": "MobilePhone",
  "ratings": [],
  "Brand": "Powell Group",
  "Model": "cost",
  "Colour": "Wheat",
  "Features": [
    "police",
    "body",
    "involve",
    "attention"
  ]
},
{
  "_id": {
    "$oid": "6568f4eb92dce42889d77a3f"
  },
  "Name": "Galaxy Edge S9",
  "Category": "other",
  "Short_description": "Phone hospital hear reveal show.",
  "Product_dimensions": "29x68x44 cm",
  "Shipping_weight": "5.93 kg",
  "Standard_price_to_customers": 680.13,
  "Cost_of_products": 181.25,
  "Product_type": "MobilePhone",
  "ratings": [],
  "Brand": "Cameron, Davis and Ford",
  "Model": "treat",
  "Colour": "WhiteSmoke",
  "Features": [
    "determine",
    "spring"
  ]
},
{
  "_id": {
    "$oid": "6568f4eb92dce42889d77a40"
  },
  "Name": "PowerVac Lite",
  "Category": "other",
  "Short_description": "What sense current goal head.",
  "Product_dimensions": "59x99x57 cm",
  "Shipping_weight": "6.69 kg",
  "Standard_price_to_customers": 670.88,
  "Cost_of_products": 137.07,
  "Product_type": "HomeAppliance",
  "ratings": [],
  "Colour": "SpringGreen",
  "Voltage": "110 V",
  "Style": "choice"
},
{
  "_id": {
    "$oid": "6568f4eb92dce42889d77a41"
  },
  "Name": "KitchenMaster Slicer",
  "Category": "other",
  "Short_description": "Pass time present hour he.",
  "Product_dimensions": "90x82x10 cm",
  "Shipping_weight": "8.12 kg",
  "Standard_price_to_customers": 856.55,
  "Cost_of_products": 279.56,
  "Product_type": "HomeAppliance",
  "ratings": [],
  "Colour": "Peru",
  "Voltage": "240 V",
  "Style": "certainly"
},
{
  "_id": {
    "$oid": "6568f4eb92dce42889d77a42"
  },
  "Name": "ToasterKing Z5",
  "Category": "other",
  "Short_description": "Physical read notice between student street everything.",
  "Product_dimensions": "75x73x80 cm",
  "Shipping_weight": "6.74 kg",
  "Standard_price_to_customers": 342.12,
  "Cost_of_products": 448.25,
  "Product_type": "HomeAppliance",
  "ratings": [],
  "Colour": "LightBlue",
  "Voltage": "110 V",
  "Style": "person"
},
{
  "_id": {
    "$oid": "6568f4eb92dce42889d77a43"
  },
  "Name": "QuickChef XL",
  "Category": "other",
  "Short_description": "Explain perform goal training.",
  "Product_dimensions": "25x77x83 cm",
  "Shipping_weight": "6.13 kg",
  "Standard_price_to_customers": 303.97,
  "Cost_of_products": 195.22,
  "Product_type": "HomeAppliance",
  "ratings": [],
  "Colour": "Fuchsia",
  "Voltage": "110 V",
  "Style": "use"
},
{
  "_id": {
    "$oid": "6568f4eb92dce42889d77a44"
  },
  "Name": "ToasterKing Z5",
  "Category": "other",
  "Short_description": "Magazine require concern environment career happen concern them.",
  "Product_dimensions": "23x98x12 cm",
  "Shipping_weight": "7.40 kg",
  "Standard_price_to_customers": 351.66,
  "Cost_of_products": 149.36,
  "Product_type": "HomeAppliance",
  "ratings": [],
  "Colour": "SpringGreen",
  "Voltage": "240 V",
  "Style": "my"
},
{
  "_id": {
    "$oid": "6568f4eb92dce42889d77a45"
  },
  "Name": "EcoDryer X1",
  "Category": "other",
  "Short_description": "Stay receive brother expert begin budget.",
  "Product_dimensions": "60x66x19 cm",
  "Shipping_weight": "5.26 kg",
  "Standard_price_to_customers": 258.26,
  "Cost_of_products": 273.4,
  "Product_type": "HomeAppliance",
  "ratings": [],
  "Colour": "MidnightBlue",
  "Voltage": "220 V",
  "Style": "state"
},
{
  "_id": {
    "$oid": "6568f4eb92dce42889d77a46"
  },
  "Name": "PowerVac Lite",
  "Category": "other",
  "Short_description": "Along song meet cover decade call with.",
  "Product_dimensions": "41x40x92 cm",
  "Shipping_weight": "6.91 kg",
  "Standard_price_to_customers": 668.01,
  "Cost_of_products": 394.51,
  "Product_type": "HomeAppliance",
  "ratings": [
    {
      "_id": {
        "$oid": "6569011392dce42889d7ad28"
      },
      "customerID": {
        "$oid": "6568f4e792dce42889d779db"
      },
      "rating": 2,
      "review": "Exist hear worry write.",
      "timestamp": {
        "$date": "2023-07-06T06:44:34.000Z"
      }
    },
    {
      "_id": {
        "$oid": "6569011392dce42889d7ad29"
      },
      "customerID": {
        "$oid": "6568f4e792dce42889d779d4"
      },
      "rating": 5,
      "review": "Develop education near writer.",
      "timestamp": {
        "$date": "2022-12-31T14:42:43.000Z"
      }
    },
    {
      "_id": {
        "$oid": "6569011392dce42889d7ad2a"
      },
      "customerID": {
        "$oid": "6568f4e792dce42889d779e1"
      },
      "rating": 1,
      "review": "Walk big sing east area brother.",
      "timestamp": {
        "$date": "2023-10-18T06:03:09.000Z"
      }
    },
    {
      "_id": {
        "$oid": "6569011392dce42889d7ad2b"
      },
      "customerID": {
        "$oid": "6568f4e792dce42889d779f7"
      },
      "rating": 4,
      "review": "System most practice sing attorney page physical check.",
      "timestamp": {
        "$date": "2023-08-07T11:51:33.000Z"
      }
    },
    {
      "_id": {
        "$oid": "6569011392dce42889d7ad2c"
      },
      "customerID": {
        "$oid": "6568f4e792dce42889d779f9"
      },
      "rating": 2,
      "review": "Me defense back soldier road long.",
      "timestamp": {
        "$date": "2023-02-07T04:11:37.000Z"
      }
    },
    {
      "_id": {
        "$oid": "6569011392dce42889d7ad2d"
      },
      "customerID": {
        "$oid": "6568f4e792dce42889d779e9"
      },
      "rating": 3,
      "review": "Eight environment he south sit.",
      "timestamp": {
        "$date": "2023-06-08T04:51:37.000Z"
      }
    }
  ],
  "Colour": "Thistle",
  "Voltage": "240 V",
  "Style": "community"
},
{
  "_id": {
    "$oid": "6568f4eb92dce42889d77a47"
  },
  "Name": "ToasterKing Z5",
  "Category": "other",
  "Short_description": "Wind leave TV language time.",
  "Product_dimensions": "29x44x93 cm",
  "Shipping_weight": "9.14 kg",
  "Standard_price_to_customers": 771.24,
  "Cost_of_products": 451.16,
  "Product_type": "HomeAppliance",
  "ratings": [],
  "Colour": "DarkCyan",
  "Voltage": "110 V",
  "Style": "method"
},
{
  "_id": {
    "$oid": "6568f4eb92dce42889d77a48"
  },
  "Name": "ToasterKing Z5",
  "Category": "other",
  "Short_description": "Day us indeed lay new.",
  "Product_dimensions": "20x82x79 cm",
  "Shipping_weight": "1.21 kg",
  "Standard_price_to_customers": 919.5,
  "Cost_of_products": 108.17,
  "Product_type": "HomeAppliance",
  "ratings": [],
  "Colour": "Coral",
  "Voltage": "220 V",
  "Style": "bank"
},
{
  "_id": {
    "$oid": "6568f4eb92dce42889d77a49"
  },
  "Name": "CoolBreeze Elite",
  "Category": "other",
  "Short_description": "Bag weight serious few.",
  "Product_dimensions": "89x29x18 cm",
  "Shipping_weight": "9.16 kg",
  "Standard_price_to_customers": 689.36,
  "Cost_of_products": 410.95,
  "Product_type": "HomeAppliance",
  "ratings": [],
  "Colour": "Gainsboro",
  "Voltage": "220 V",
  "Style": "director"
}]