[{
  "_id": {
    "$oid": "6568f4e992dce42889d779ff"
  },
  "name": "Store 1",
  "address": "849 Cook Courts\nPort Jacobberg, HI 65147",
  "items": [
    {
      "$oid": "6568f4eb92dce42889d77a0a"
    },
    {
      "$oid": "6568f4eb92dce42889d77a0b"
    },
    {
      "$oid": "6568f4eb92dce42889d77a0d"
    },
    {
      "$oid": "6568f4eb92dce42889d77a0e"
    },
    {
      "$oid": "6568f4eb92dce42889d77a12"
    },
    {
      "$oid": "6568f4eb92dce42889d77a19"
    },
    {
      "$oid": "6568f4eb92dce42889d77a21"
    }
  ],
  "geolocation": {
    "latitude": 53.52845462424963,
    "longitude": -2.285330494835802
  }
},
{
  "_id": {
    "$oid": "6568f4e992dce42889d77a00"
  },
  "name": "Store 2",
  "address": "234 Cody Turnpike\nMatthewview, VT 62942",
  "items": [
    {
      "$oid": "6568f4eb92dce42889d77a04"
    },
    {
      "$oid": "6568f4eb92dce42889d77a07"
    },
    {
      "$oid": "6568f4eb92dce42889d77a0c"
    },
    {
      "$oid": "6568f4eb92dce42889d77a13"
    },
    {
      "$oid": "6568f4eb92dce42889d77a18"
    },
    {
      "$oid": "6568f4eb92dce42889d77a1b"
    },
    {
      "$oid": "6568f4eb92dce42889d77a1c"
    },
    {
      "$oid": "6568f4eb92dce42889d77a1e"
    }
  ],
  "geolocation": {
    "latitude": 53.45482536028465,
    "longitude": -2.188577297760976
  }
},
{
  "_id": {
    "$oid": "6568f4e992dce42889d77a01"
  },
  "name": "Store 3",
  "address": "2501 Nicole Spur\nNew Misty, NE 08050",
  "items": [
    {
      "$oid": "6568f4eb92dce42889d77a06"
    },
    {
      "$oid": "6568f4eb92dce42889d77a08"
    },
    {
      "$oid": "6568f4eb92dce42889d77a0f"
    },
    {
      "$oid": "6568f4eb92dce42889d77a17"
    },
    {
      "$oid": "6568f4eb92dce42889d77a1a"
    },
    {
      "$oid": "6568f4eb92dce42889d77a1d"
    }
  ],
  "geolocation": {
    "latitude": 53.42042835317534,
    "longitude": -2.3005897809175764
  }
},
{
  "_id": {
    "$oid": "6568f4e992dce42889d77a02"
  },
  "name": "Store 4",
  "address": "009 Christian Key\nEast John, AZ 80467",
  "items": [
    {
      "$oid": "6568f4eb92dce42889d77a05"
    },
    {
      "$oid": "6568f4eb92dce42889d77a14"
    },
    {
      "$oid": "6568f4eb92dce42889d77a1f"
    },
    {
      "$oid": "6568f4eb92dce42889d77a20"
    }
  ],
  "geolocation": {
    "latitude": 53.494013696145835,
    "longitude": -2.2443813329347044
  }
},
{
  "_id": {
    "$oid": "6568f4e992dce42889d77a03"
  },
  "name": "Store 5",
  "address": "849 Hernandez Passage\nRodneybury, MP 90055",
  "items": [
    {
      "$oid": "6568f4eb92dce42889d77a09"
    },
    {
      "$oid": "6568f4eb92dce42889d77a10"
    },
    {
      "$oid": "6568f4eb92dce42889d77a11"
    },
    {
      "$oid": "6568f4eb92dce42889d77a15"
    },
    {
      "$oid": "6568f4eb92dce42889d77a16"
    }
  ],
  "geolocation": {
    "latitude": 53.46286346808417,
    "longitude": -2.2854868502536623
  }
}]