[{
  "_id": {
    "$oid": "6575acadc757879aafb1c247"
  },
  "OrderID": "656Oh3Ba",
  "customerID": {
    "$oid": "6568f4e792dce42889d779cd"
  },
  "items": [
    {
      "productID": {
        "$oid": "6568f4eb92dce42889d77a0e"
      },
      "quantity": 3
    }
  ],
  "storeID": {
    "$oid": "6568f4e992dce42889d779ff"
  },
  "partnerID": {
    "$oid": "6568f4ee92dce42889d77a4c"
  },
  "order_date": {
    "$date": "2023-12-10T12:18:53.387Z"
  },
  "order_status": "In Cart",
  "payment_status": "Unpaid"
}]