[{
  "Store number": "Store 1",
  "Store location": {
    "latitude": 53.52845462424963,
    "longitude": -2.285330494835802
  },
  "Product Details": [
    {
      "_id": {
        "$oid": "6568f4eb92dce42889d77a0a"
      },
      "Category": "fresh",
      "Name": "Bell Pepper",
      "Short_description": "Skill help item such.",
      "storeID": {
        "$oid": "6568f4e992dce42889d779ff"
      },
      "Product_dimensions": "28x16x1 cm",
      "Product_weight_or_quantity": "2.37 kg",
      "Expiry_date": "2024-04-13",
      "Country_of_origin": "Armenia",
      "Standard_price_to_customers": 89.73,
      "Cost_of_products": 28.93,
      "Type": "FruitsVegetables",
      "ratings": []
    },
    {
      "_id": {
        "$oid": "6568f4eb92dce42889d77a0b"
      },
      "Category": "fresh",
      "Name": "Grape",
      "Short_description": "Attack easy kid include process deal.",
      "storeID": {
        "$oid": "6568f4e992dce42889d779ff"
      },
      "Product_dimensions": "18x42x16 cm",
      "Product_weight_or_quantity": "0.90 kg",
      "Expiry_date": "2024-12-05",
      "Country_of_origin": "Pakistan",
      "Standard_price_to_customers": 89.54,
      "Cost_of_products": 33.41,
      "Type": "FruitsVegetables",
      "ratings": []
    },
    {
      "_id": {
        "$oid": "6568f4eb92dce42889d77a0d"
      },
      "Category": "fresh",
      "Name": "Potato",
      "Short_description": "Significant success recognize my positive skill.",
      "storeID": {
        "$oid": "6568f4e992dce42889d779ff"
      },
      "Product_dimensions": "48x34x17 cm",
      "Product_weight_or_quantity": "3.84 kg",
      "Expiry_date": "2024-11-02",
      "Country_of_origin": "Kiribati",
      "Standard_price_to_customers": 34.48,
      "Cost_of_products": 7.54,
      "Type": "FruitsVegetables",
      "ratings": []
    },
    {
      "_id": {
        "$oid": "6568f4eb92dce42889d77a0e"
      },
      "Category": "fresh",
      "Name": "Sourdough",
      "Short_description": "Create address hotel military.",
      "storeID": {
        "$oid": "6568f4e992dce42889d779ff"
      },
      "Product_dimensions": "3x19x17 cm",
      "Product_weight_or_quantity": "3.81 kg",
      "Expiry_date": "2025-06-17",
      "Country_of_origin": "Angola",
      "Standard_price_to_customers": 6.43,
      "Cost_of_products": 17.22,
      "Type": "Bakery",
      "ratings": []
    },
    {
      "_id": {
        "$oid": "6568f4eb92dce42889d77a12"
      },
      "Category": "fresh",
      "Name": "Rye",
      "Short_description": "President stop poor choose Mrs word table decide.",
      "storeID": {
        "$oid": "6568f4e992dce42889d779ff"
      },
      "Product_dimensions": "10x26x31 cm",
      "Product_weight_or_quantity": "1.44 kg",
      "Expiry_date": "2025-11-18",
      "Country_of_origin": "Sweden",
      "Standard_price_to_customers": 54.23,
      "Cost_of_products": 5.35,
      "Type": "Bakery",
      "ratings": []
    },
    {
      "_id": {
        "$oid": "6568f4eb92dce42889d77a19"
      },
      "Category": "fresh",
      "Name": "Swirlsilk",
      "Short_description": "Level main our.",
      "storeID": {
        "$oid": "6568f4e992dce42889d779ff"
      },
      "Product_dimensions": "22x1x29 cm",
      "Product_weight_or_quantity": "1 bottles",
      "Expiry_date": "2025-07-06",
      "Country_of_origin": "Papua New Guinea",
      "Standard_price_to_customers": 84.01,
      "Cost_of_products": 30.86,
      "Type": "Drinks",
      "ratings": []
    },
    {
      "_id": {
        "$oid": "6568f4eb92dce42889d77a21"
      },
      "Category": "fresh",
      "Name": "Glamtini",
      "Short_description": "Myself its short admit voice mind.",
      "storeID": {
        "$oid": "6568f4e992dce42889d779ff"
      },
      "Product_dimensions": "28x11x49 cm",
      "Product_weight_or_quantity": "1 bottles",
      "Expiry_date": "2024-06-22",
      "Country_of_origin": "Reunion",
      "Standard_price_to_customers": 94.11,
      "Cost_of_products": 19.73,
      "Type": "Drinks",
      "ratings": []
    }
  ],
  "Nearest Partners": [
    {
      "_id": {
        "$oid": "6568f4ee92dce42889d77a4c"
      },
      "name": "Courtney Avila",
      "distanceInMeters": 0.000434711421753926
    },
    {
      "_id": {
        "$oid": "6568f4ee92dce42889d77a57"
      },
      "name": "Debra Martinez",
      "distanceInMeters": 0.0006585240877237038
    },
    {
      "_id": {
        "$oid": "6568f4ee92dce42889d77a5b"
      },
      "name": "Andrew Johnson",
      "distanceInMeters": 0.0007121607287060762
    },
    {
      "_id": {
        "$oid": "6568f4ee92dce42889d77a4b"
      },
      "name": "Jean Crawford",
      "distanceInMeters": 0.000747193404170084
    },
    {
      "_id": {
        "$oid": "6568f4ee92dce42889d77a4a"
      },
      "name": "Holly Anderson",
      "distanceInMeters": 0.000964838092550429
    },
    {
      "_id": {
        "$oid": "6568f4ee92dce42889d77a53"
      },
      "name": "Adam Henry",
      "distanceInMeters": 0.0009855975484958153
    },
    {
      "_id": {
        "$oid": "6568f4ee92dce42889d77a50"
      },
      "name": "Michael Zamora",
      "distanceInMeters": 0.0013096786769615798
    },
    {
      "_id": {
        "$oid": "6568f4ee92dce42889d77a58"
      },
      "name": "Angela Pacheco",
      "distanceInMeters": 0.0013148763089030327
    },
    {
      "_id": {
        "$oid": "6568f4ee92dce42889d77a5d"
      },
      "name": "Sheryl Long",
      "distanceInMeters": 0.001387871729036238
    },
    {
      "_id": {
        "$oid": "6568f4ee92dce42889d77a51"
      },
      "name": "Jesse Harrell",
      "distanceInMeters": 0.0015495975232920115
    },
    {
      "_id": {
        "$oid": "6568f4ee92dce42889d77a5a"
      },
      "name": "Mario Brown",
      "distanceInMeters": 0.0016044327040309486
    },
    {
      "_id": {
        "$oid": "6568f4ee92dce42889d77a54"
      },
      "name": "Claudia Porter",
      "distanceInMeters": 0.001713528253835963
    },
    {
      "_id": {
        "$oid": "6568f4ee92dce42889d77a5c"
      },
      "name": "Joseph Villa",
      "distanceInMeters": 0.0017291951454936503
    },
    {
      "_id": {
        "$oid": "6568f4ee92dce42889d77a4f"
      },
      "name": "Morgan Garcia",
      "distanceInMeters": 0.0017888655592887659
    },
    {
      "_id": {
        "$oid": "6568f4ee92dce42889d77a55"
      },
      "name": "Amy Montgomery",
      "distanceInMeters": 0.0018230087847769917
    },
    {
      "_id": {
        "$oid": "6568f4ee92dce42889d77a52"
      },
      "name": "Logan Diaz",
      "distanceInMeters": 0.001849790369611618
    },
    {
      "_id": {
        "$oid": "6568f4ee92dce42889d77a59"
      },
      "name": "Nathan Wood",
      "distanceInMeters": 0.002158123295340444
    },
    {
      "_id": {
        "$oid": "6568f4ee92dce42889d77a56"
      },
      "name": "Angela Rice",
      "distanceInMeters": 0.002180295371273273
    },
    {
      "_id": {
        "$oid": "6568f4ee92dce42889d77a4e"
      },
      "name": "Suzanne Smith",
      "distanceInMeters": 0.0026073808504066685
    },
    {
      "_id": {
        "$oid": "6568f4ee92dce42889d77a4d"
      },
      "name": "Mark Morales",
      "distanceInMeters": 0.002774916994252595
    }
  ]
}]