[{
  "Customer ID": {
    "$oid": "6568f4e792dce42889d779e8"
  },
  "Customer Name Ordered": "Rachel Harris",
  "Product Category Ordered": "fresh",
  "Product Details": {
    "_id": {
      "$oid": "6568f4eb92dce42889d77a0a"
    },
    "Category": "fresh",
    "Name": "Bell Pepper",
    "Short_description": "Skill help item such.",
    "storeID": {
      "$oid": "6568f4e992dce42889d779ff"
    },
    "Product_dimensions": "28x16x1 cm",
    "Product_weight_or_quantity": "2.37 kg",
    "Expiry_date": "2024-04-13",
    "Country_of_origin": "Armenia",
    "Standard_price_to_customers": 89.73,
    "Cost_of_products": 28.93,
    "Type": "FruitsVegetables",
    "ratings": []
  },
  "Store Ordered": "Store 1",
  "Nearest Partner ID": {
    "$oid": "6568f4ee92dce42889d77a4a"
  },
  "Nearest Partner from Store": "Holly Anderson",
  "Partner rating": [],
  "Distance to Store (m)": 0.000964838092550429,
  "ETA(sec)": 0.00023137604137899977
}]