[{
  "_id": {
    "$oid": "6568f4ee92dce42889d77a59"
  },
  "name": "Nathan Wood",
  "Efficiency": 0.15789473684210525
},
{
  "_id": {
    "$oid": "6568f4ee92dce42889d77a4e"
  },
  "name": "Suzanne Smith",
  "Efficiency": 0.21052631578947367
},
{
  "_id": {
    "$oid": "6568f4ee92dce42889d77a4a"
  },
  "name": "Holly Anderson",
  "Efficiency": 0.3103448275862069
},
{
  "_id": {
    "$oid": "6568f4ee92dce42889d77a5c"
  },
  "name": "Joseph Villa",
  "Efficiency": 0.3333333333333333
},
{
  "_id": {
    "$oid": "6568f4ee92dce42889d77a5d"
  },
  "name": "Sheryl Long",
  "Efficiency": 0.34285714285714286
}]