[{
  "_id": {
    "productID": {
      "$oid": "6568f4eb92dce42889d77a0b"
    },
    "warehouse": "Warehouse 1"
  },
  "averageInventory": 25,
  "maxInventory": 25
},
{
  "_id": {
    "productID": {
      "$oid": "6568f4eb92dce42889d77a10"
    },
    "warehouse": "Warehouse 2"
  },
  "averageInventory": 115,
  "maxInventory": 115
},
{
  "_id": {
    "productID": {
      "$oid": "6568f4eb92dce42889d77a20"
    },
    "warehouse": "Warehouse 4"
  },
  "averageInventory": 101,
  "maxInventory": 101
},
{
  "_id": {
    "productID": {
      "$oid": "6568f4eb92dce42889d77a14"
    },
    "warehouse": "Warehouse 1"
  },
  "averageInventory": 25,
  "maxInventory": 25
},
{
  "_id": {
    "productID": {
      "$oid": "6568f4eb92dce42889d77a18"
    },
    "warehouse": "Warehouse 3"
  },
  "averageInventory": 86,
  "maxInventory": 86
},
{
  "_id": {
    "productID": {
      "$oid": "6568f4eb92dce42889d77a08"
    },
    "warehouse": "Warehouse 1"
  },
  "averageInventory": 40,
  "maxInventory": 40
},
{
  "_id": {
    "productID": {
      "$oid": "6568f4eb92dce42889d77a1f"
    },
    "warehouse": "Warehouse 3"
  },
  "averageInventory": 111,
  "maxInventory": 111
},
{
  "_id": {
    "productID": {
      "$oid": "6568f4eb92dce42889d77a07"
    },
    "warehouse": "Warehouse 5"
  },
  "averageInventory": 61,
  "maxInventory": 61
},
{
  "_id": {
    "productID": {
      "$oid": "6568f4eb92dce42889d77a1d"
    },
    "warehouse": "Warehouse 1"
  },
  "averageInventory": 50,
  "maxInventory": 50
},
{
  "_id": {
    "productID": {
      "$oid": "6568f4eb92dce42889d77a0a"
    },
    "warehouse": "Warehouse 4"
  },
  "averageInventory": 153,
  "maxInventory": 153
},
{
  "_id": {
    "productID": {
      "$oid": "6568f4eb92dce42889d77a0e"
    },
    "warehouse": "Warehouse 1"
  },
  "averageInventory": 49,
  "maxInventory": 49
},
{
  "_id": {
    "productID": {
      "$oid": "6568f4eb92dce42889d77a0d"
    },
    "warehouse": "Warehouse 2"
  },
  "averageInventory": 0,
  "maxInventory": 0
},
{
  "_id": {
    "productID": {
      "$oid": "6568f4eb92dce42889d77a12"
    },
    "warehouse": "Warehouse 1"
  },
  "averageInventory": 97,
  "maxInventory": 97
},
{
  "_id": {
    "productID": {
      "$oid": "6568f4eb92dce42889d77a17"
    },
    "warehouse": "Warehouse 2"
  },
  "averageInventory": 22,
  "maxInventory": 22
},
{
  "_id": {
    "productID": {
      "$oid": "6568f4eb92dce42889d77a11"
    },
    "warehouse": "Warehouse 5"
  },
  "averageInventory": 48,
  "maxInventory": 48
},
{
  "_id": {
    "productID": {
      "$oid": "6568f4eb92dce42889d77a09"
    },
    "warehouse": "Warehouse 4"
  },
  "averageInventory": 11,
  "maxInventory": 11
},
{
  "_id": {
    "productID": {
      "$oid": "6568f4eb92dce42889d77a1e"
    },
    "warehouse": "Warehouse 3"
  },
  "averageInventory": 115,
  "maxInventory": 115
},
{
  "_id": {
    "productID": {
      "$oid": "6568f4eb92dce42889d77a13"
    },
    "warehouse": "Warehouse 5"
  },
  "averageInventory": 144,
  "maxInventory": 144
},
{
  "_id": {
    "productID": {
      "$oid": "6568f4eb92dce42889d77a0c"
    },
    "warehouse": "Warehouse 1"
  },
  "averageInventory": 95,
  "maxInventory": 95
},
{
  "_id": {
    "productID": {
      "$oid": "6568f4eb92dce42889d77a19"
    },
    "warehouse": "Warehouse 1"
  },
  "averageInventory": 82,
  "maxInventory": 82
},
{
  "_id": {
    "productID": {
      "$oid": "6568f4eb92dce42889d77a1c"
    },
    "warehouse": "Warehouse 1"
  },
  "averageInventory": 129,
  "maxInventory": 129
},
{
  "_id": {
    "productID": {
      "$oid": "6568f4eb92dce42889d77a0f"
    },
    "warehouse": "Warehouse 3"
  },
  "averageInventory": 120,
  "maxInventory": 120
},
{
  "_id": {
    "productID": {
      "$oid": "6568f4eb92dce42889d77a21"
    },
    "warehouse": "Warehouse 2"
  },
  "averageInventory": 16,
  "maxInventory": 16
},
{
  "_id": {
    "productID": {
      "$oid": "6568f4eb92dce42889d77a05"
    },
    "warehouse": "Warehouse 5"
  },
  "averageInventory": 136,
  "maxInventory": 136
},
{
  "_id": {
    "productID": {
      "$oid": "6568f4eb92dce42889d77a04"
    },
    "warehouse": "Warehouse 1"
  },
  "averageInventory": 120,
  "maxInventory": 120
},
{
  "_id": {
    "productID": {
      "$oid": "6568f4eb92dce42889d77a15"
    },
    "warehouse": "Warehouse 1"
  },
  "averageInventory": 0,
  "maxInventory": 0
},
{
  "_id": {
    "productID": {
      "$oid": "6568f4eb92dce42889d77a1a"
    },
    "warehouse": "Warehouse 4"
  },
  "averageInventory": 141,
  "maxInventory": 141
},
{
  "_id": {
    "productID": {
      "$oid": "6568f4eb92dce42889d77a06"
    },
    "warehouse": "Warehouse 4"
  },
  "averageInventory": 67,
  "maxInventory": 67
},
{
  "_id": {
    "productID": {
      "$oid": "6568f4eb92dce42889d77a16"
    },
    "warehouse": "Warehouse 5"
  },
  "averageInventory": 135,
  "maxInventory": 135
},
{
  "_id": {
    "productID": {
      "$oid": "6568f4eb92dce42889d77a1b"
    },
    "warehouse": "Warehouse 5"
  },
  "averageInventory": 155,
  "maxInventory": 155
}]